id;page;length;comment;google_id
1;24263;19250;Uzbekistan Sum;Tasty facilitate incremental
2;93039;49906;Buckinghamshire Soap SSL;Internal calculate
3;59532;23925;monitor;Unbranded Fresh Tuna 6th generation
4;41098;20740;Tasty Granite Pizza online payment;back-end Bond Markets Units European Composite Unit (EURCO)
5;71982;93739;Corner mission-critical;Rustic
6;45823;39391;incubate;Salad
7;4708;71216;Awesome;cutting-edge Tunisian Dinar
8;63323;57621;Fantastic Soft Chips Metal;Awesome COM Montana
9;47046;4410;Refined parsing;Centralized
10;89185;47555;wireless;directional Branding Computer
