id;title;sub_title;genre;composer;author;arranger;year;publisher
1;synthesizing Soft robust;card Uzbekistan Sum;e-business;Response real-time;Compatible parsing;Pines;43075;Nepalese Rupee Handmade channels
2;Bedfordshire Buckinghamshire;Table contextually-based Future;Frozen;budgetary management;Practical;Incredible Metal Car;59808;Concrete Gorgeous
3;compressing Rustic lavender;Direct Libyan Dinar monitor;access real-time Berkshire;Street Rubber;Computers;IB RSS Lead;32053;Home Spurs
4;Home Loan Account Money Market Account;Florida Agent;Knoll Lead redefine;Handcrafted Steel Bacon bypassing e-commerce;Money Market Account Gorgeous Wooden Chicken;Courts;68782;one-to-one copying
5;Maryland Infrastructure toolset;Metal;withdrawal National;leading edge Quality;Granite enterprise;driver open-source;50052;Tactics
6;invoice International copy;synthesizing Mountain;Gorgeous Concrete Salad Internal mint green;Lead;extensible system engine;Auto Loan Account hard drive withdrawal;64464;encompassing Refined Ethiopian Birr
7;open-source View;bluetooth;withdrawal;holistic;Investment Account eco-centric Pizza;Latvian Lats US Dollar Armenian Dram;81960;Borders PCI blue
8;whiteboard matrix;Investment Account South Carolina;infomediaries;real-time tan;innovative;Costa Rican Colon rich;78776;monitor
9;Awesome Granite Keyboard Plains;interface Multi-tiered Engineer;firewall Movies;Leone withdrawal;Fresh;Savings Account Bedfordshire empower;29381;Wells National
10;logistical;Keyboard Direct;Rustic Granite Chair invoice;backing up;Group;calculating;98759;hard drive expedite Diverse
